sequence,SequenceNumber,FCR,NCPR,mean_hydropathy,kappa,SCD,fraction_disorder_promoting,countPos,countNeut,countNeg,countAro,isoelectric_point,Omega,avg_re,stdev_re,avg_rg,stdev_rg,basal_mean,basal_std,Efret_after_mean_100,Efret_after_mean_300,Efret_after_mean_750,Efret_after_std_100,Efret_after_std_300,Efret_after_std_750,deltaFRET_mean_100,deltaFRET_mean_300,deltaFRET_mean_750,deltaFRET_std_100,deltaFRET_std_300,deltaFRET_std_750,plasticity,plasticity_propagated_std
QNNNQQQNQQNQNNQNNNQNNNNQNQNNQQQQNQQQNNNQQQNNQQNNNNQQQNNNQNNN,1,0,0,1,,0,0.45,0,60,0,0,7,-1,39.28416061,0.336310784,17.65371147,0.118870242,0.403217372,0.017048864,0.440581036,0.472168704,0.441690244,0.071095488,0.072740149,0.034400886,0.003372069,0.023734854,0.038165478,0.03460735,0.044236647,0.012159034,0.001109208,0.078980943
THNHHSTPGTPGHHHPGSPHSPHPTHTTPSHHGTGGGHGGSTTQSHSNGSATGQHGSSGP,2,0,0,3,,0,0.966666667,0,60,0,0,10.5,0.761852487,54.08971532,0.577891744,22.62157182,0.130308848,0.401457676,0.031121168,0.394544486,0.393546017,0.413674522,0.037060191,0.032227365,0.053552543,-0.007888382,-0.001301317,0.020074754,0.005954945,0.00421821,0.015881495,0.019130036,0.065125515
THNHHSTGTGHHHGSHSHTHTTSHHGTGGGHGGSTTQSHSNGSTGQHGSSGPPPPPPPAP,3,0,0,3,,0,0.966666667,0,60,0,0,10.5,0.96635902,50.15820948,0.329338815,20.48251486,0.055895578,0.384956318,0.039044381,0.37743182,0.379602322,0.420118844,0.038889151,0.031852454,0.048180515,-0.005940454,-0.001259759,0.031078719,0.011870312,0.005845404,0.012168111,0.042687024,0.061917107
THNHHGPSTGTGPHHHGSPHSHTHPTTSHHPGTGGGPHGGSTPTQSHSANGSTGPQHGSS,4,0,0,3,,0,0.966666667,0,60,0,0,10.5,0.285475203,53.17556381,0.82689138,22.39361396,0.231463537,0.401228969,0.023048714,0.391070549,0.395778812,0.410618409,0.029474065,0.026444851,0.045983454,-0.016327891,-0.001004038,0.026076329,0.009908847,0.001940808,0.015003696,0.019547861,0.054618665
HNNQQQQQNNQNNQNQQNNQNNNNNQQQQNQQEDEQQDDENQDDDQQDEDQNEDEQQDDE,5,0.3,-0.3,1.005,0.461306153,7.733437142,0.716666667,0,42,18,0,2.625,0.548447441,49.48204168,0.214854956,20.80579718,0.044288022,0.356867307,0.011367794,0.352025946,0.357499331,0.389272292,0.015956643,0.01948159,0.023346015,-0.018708404,-0.014375925,0.03469824,0.007720733,0.024237381,0.024006615,0.037246345,0.028278099
EDDEHNNQDQQQQENNQNDNQNQDQNNQDNNNNNQQQEQNQQDQQNQDQQQNDQQEEDED,6,0.3,-0.3,1.005,0.177500944,12.11403213,0.716666667,0,42,18,0,2.625,0.1471136,52.75195567,0.732150887,21.10297049,0.184858773,0.382353981,0.024891636,0.384163587,0.385590661,0.400019339,0.045669893,0.022332811,0.038678135,-0.009516376,-0.005750305,0.033875587,0.010845133,0.004918445,0.025113427,0.015855752,0.059847617
KKKRSGQNRNQNNRQQQQKNQNQRQNQNKNNQQNQNNENNNNDNNQQENNQQENQDDDDD,7,0.3,0,0.996666667,0.348441612,-4.899979437,0.633333333,9,42,9,0,7,0.1471136,33.13626862,0.506884977,16.94038608,0.085878143,0.434145052,0.03676798,0.454783982,0.448490093,0.431546194,0.051540099,0.044097223,0.035691084,0.008396989,-0.001636563,0.007096215,0.007563268,0.00420535,0.01343868,0.023237788,0.062691589
REKRSGQNKNQNNRQQQQDNQNQEQNQNDNNQQNQNNDNNNNKNNQQDNNQQRNQEKDKD,8,0.3,0,0.996666667,0.123234735,-0.683919399,0.633333333,9,42,9,0,7,0.1471136,43.58868281,0.365907513,18.78290731,0.056365697,0.418157247,0.025254516,0.414690671,0.426770159,0.436116314,0.042632741,0.034579068,0.045151277,-0.006147901,-0.002238559,0.030544007,0.011219258,0.002306694,0.005537694,0.021425643,0.062098216
KKRSGKRRHHKKRHQKRRQHRKKQQRKKQNQNNNNNQNQQQQHHNQQNNQNNPNNNNHHP,9,0.3,0.3,1,0.461306153,7.733437142,0.733333333,18,42,0,0,13.78125,0.429534504,53.47414398,0.856867428,21.75422885,0.227480705,0.473541388,0.031387357,0.484322768,0.452595047,0.52026256,0.030742975,0.035132828,0.037468458,0.003376722,-0.001288674,-0.002482892,0.003090539,0.000823057,0.000838702,0.035939792,0.048466647
KRKKSGHHKHQQHRQQQNKQNNNRNNQNKQQQQHHNQKQNNQRNNPNRNNNHRHPKKRKR,10,0.3,0.3,1,0.177500944,12.11403213,0.733333333,18,42,0,0,13.78125,0.173864434,57.39682897,0.255641624,22.17122379,0.062030548,0.472077944,0.04383575,0.502380347,0.455234902,0.396026587,0.044149911,0.084524882,,0.008820991,-0.002197512,-0.000576097,0.002866959,0.001412261,,0.10635376,
GQSTSTSWGGWGTSGSGGGTSSGGWSSTTSGGEDDGTDDEGTDDETADDDSTDEEGSDED,11,0.3,-0.3,3,0.461306153,7.733437142,0.95,0,42,18,3,1.75,0.548447441,55.6545728,0.263230663,22.44444223,0.066564509,0.383601388,0.026513008,0.387490066,0.386382118,0.406868654,0.024484717,0.028229163,0.034704353,-0.004551747,0.001200083,0.031255021,0.011040035,0.008229663,0.013295963,0.019378588,0.042472267
EDDDGQSTESTSWDGGWGDTSGSDGGGTDSSGGWSSTDTSGGEGTGTDTASTDGSEEDED,12,0.3,-0.3,3,0.177500944,12.11403213,0.95,0,42,18,3,1.75,0.1471136,57.09761175,0.276716585,22.17552066,0.056877033,0.397761498,0.012118466,0.404320037,0.397799616,0.39990465,0.006441656,0.01016351,0.006758116,0.000493326,-0.001337374,0.015764508,0.009098354,0.002619951,0.006170201,0.004415387,0.00933633
KKKKGHTGRTGTGRGTTGRSSGARGGSARTTTTSSSSESGSSDSSSAETASSDSSDEEEE,13,0.3,0,2.996666667,0.348441612,-4.899979437,1,9,42,9,0,7,0.1471136,44.74729792,0.823628147,20.19690541,0.144398235,0.405547877,0.045358568,0.40975234,0.421595803,0.398850512,0.046853486,0.043309494,0.054967732,0.007502107,-0.002130757,0.010723299,0.015670095,0.001698653,0.02003323,0.010901828,0.072226731
KEDKGHTGDTGTGRGTTGRSSGAKGGSAETTTTSSSSESGSSRSSSAKTASSESSERRED,14,0.3,0,2.996666667,0.117015037,-0.369562042,1,9,42,9,0,7,0.1471136,52.27061462,0.634631516,21.6232986,0.178350806,0.36602458,0.030630775,0.377197259,0.382016277,0.392058861,0.045659633,0.039827298,0.024765469,-0.001106316,-0.00133294,0.031421153,0.012410269,0.001756041,0.009900667,0.014861602,0.051943532
GHTGTGTGGTTGSSGGGSTTTTSSSSSGSSSSSTSSSSDKEKDREAKERDAREREKEAAR,15,0.3,0,2.996666667,0.003645627,-0.146522097,1,9,42,9,0,7,0.755221775,52.96768316,0.735268537,22.01174387,0.094504312,0.413794182,0.021922947,0.403186333,0.406021165,0.463457125,0.023068119,0.030962965,0.017496729,-0.013083094,-0.000391615,0.042761037,0.003638555,0.001973252,0.007023092,0.060270793,0.028952955
GHDTGKTGETGKGTDTGRSSEGGAGSKTTETTRSSDSSASGRSSESSRSTESSKSSEAAR,16,0.3,0,2.996666667,0.045920488,-0.239113049,1,9,42,9,0,7,0.053787081,52.9328804,0.179464595,21.88919274,0.06500521,0.378683782,0.021872387,0.372377061,0.381361141,0.415461702,0.024289532,0.026742146,0.029842161,-0.011936732,-0.001958134,0.041342639,0.00802059,0.00330001,0.012310493,0.043084641,0.038477733
KRRNQKRRGTRKRSGKRKGSRKRGARRKSTATATGSTTSSATASASSSSSSSGAGATGGS,17,0.3,0.3,2.99,0.461306153,7.733437142,0.983333333,18,42,0,0,13.97265625,0.548447441,58.16042709,0.9411008,23.45271772,0.143194063,0.478065465,0.033860787,0.49515012,0.470131251,0.486322624,0.038826221,0.043933852,0.034822525,0.007860585,-0.000606337,-0.009748273,0.012030055,0.005289964,0.019117033,0.008827496,0.052154422
KRRKNQGTKSGGSKGASTRATATRGSTTKSSATASASRSSSSRSSGARGATGKGSRRKRR,18,0.3,0.3,2.99,0.177500944,12.11403213,0.983333333,18,42,0,0,13.97265625,0.1471136,59.3208491,0.197968748,23.25048972,0.08094766,0.478189193,0.027632441,0.487108718,0.460416765,0.449898378,0.030944214,0.040496415,0.01828756,0.010115089,-0.002256953,-0.020681101,0.002219909,0.001547644,0.002898385,0.03721034,0.035944112
KKRKAHHNKNNQNRQNNNRNQNQRNQNQKNQQQDDEEEDDDDDDDEEDDDDDDDDDDDEE,19,0.6,-0.3,0.998333333,0.773112985,-4.935600474,0.8,9,24,27,0,3.828125,0.506993347,27.49225807,0.116588388,15.96037455,0.089016422,0.431510935,0.030818812,0.459602135,0.427708124,0.439898906,0.063683886,0.036451049,0.063059731,-0.006749957,-0.005747365,-0.00971449,0.029186186,0.007872037,0.02762127,0.019703229,0.089622358
DKDAHDKRHNKEDNNKDDQNEDEQNDDDNNNQDEKNQRDDNQERENQDEDNQDDDQQRDD,20,0.6,-0.3,0.998333333,0.1847739,9.903453934,0.8,9,24,27,0,3.828125,0.004303853,55.71207174,0.524870967,22.87477583,0.127129757,0.331728097,0.026377315,0.315738408,0.351130563,0.370729044,0.025900612,0.034406468,0.024512314,-0.008069896,-0.001960607,0.042931527,0.013350648,0.002705282,0.017131167,0.054990636,0.035660836
KRKSNRRRPPRRKNNKKRPNRRRQQRKRNNPQDDENPEDDNNDDEQQDEEQHEDEPQEEE,21,0.6,0,1,0.588167798,-14.45081459,0.85,18,24,18,0,7,0.101890432,33.97357941,0.599455509,17.08089624,0.085722315,0.377138302,0.025592037,0.373389193,0.384315548,0.381604997,0.021467658,0.031175522,0.021681436,-0.003626018,-0.001875433,0.00031264,0.004009765,0.002449143,0.006057624,0.008215804,0.030511391
DDRSNERRPPERENNEKKPNEREQQDKKNNPQKRRNPDDRNNDRKQQEREQHRDEPQDRE,22,0.6,0,1,0.05514977,-0.759907947,0.85,18,24,18,0,7,0.101890432,53.47899246,0.254580022,22.71699649,0.064020011,0.391961581,0.018370789,0.407409461,0.385004351,0.398563544,0.024300256,0.011443687,0.005971568,-0.012115017,-0.001694594,0.005159829,0.005433275,0.001733935,0.001304044,0.008845917,0.02502323
RRRKKKKTKRRKMRKRRPRKKRNKRKRPRRRKPQQNNEQQNNDNQNNENQNSDQSEDDDD,23,0.6,0.3,0.991666667,0.640223142,-3.828255889,0.816666667,27,24,9,0,12.25,0.332194777,32.02814484,0.235440461,17.97647776,0.108655681,0.42562656,0.030573078,0.41754243,0.428504833,0.430233337,0.026475659,0.022110012,0.03726275,-0.007023158,-0.004290659,0.002625455,0.007640711,0.00243528,0.017455468,0.012690906,0.045710754
DDRTMRRKPNKKEPPRRRQQKKDNNRRKQQNNRRENQRRDNNRKKNQKKRNSKKDQSRDE,24,0.6,0.3,0.991666667,0.206358629,9.179827456,0.816666667,27,24,9,0,12.25,0.087797589,58.34792074,0.405744871,24.48505047,0.165129625,0.426591638,0.027156706,0.424763078,0.418955489,0.495102551,0.030730615,0.038199691,0.141078032,0.001346057,-0.003476759,0.056197787,0.003814654,0.003300485,0.097249061,0.070339473,0.144386224
KKKKMVVSRSVVGRAGMARSVVAKSVVARPVSGDDDEEEEEDDDEDDDDDEEDEDDDDDD,25,0.6,-0.3,3,0.773112985,-4.935600474,0.816666667,9,24,27,0,3.609375,0.492003463,31.23573621,0.3958662,18.02081731,0.068500887,0.44160597,0.019906247,0.437398492,0.443825566,0.447165488,0.018572485,0.023058655,0.038815813,-0.000204902,-0.005780553,-0.001423738,0.009617532,0.003125187,0.016314604,0.009766996,0.043030275
DDKEMVDKDVSEEKSVDEDVGKRDAGDDDMASVVDDASVDEVAPREVSGERDRDKDEDED,26,0.6,-0.3,3,0.117344939,11.34798557,0.816666667,9,24,27,0,3.609375,0.147081068,61.79835637,0.592951878,24.52251495,0.200530193,0.336696487,0.012241501,0.32321916,0.334247072,0.350037093,0.010140645,0.001824547,0.013391061,-0.022614622,-0.004663891,0.029197795,0.007475397,0.00293586,0.027141329,0.026817933,0.016797417
KRRAVKKKVAKRKSSRKKVVKKRGARKKSVSVDEDVPEDDVVDDDGSDDDVSDDEAVDEE,27,0.6,0,2.99,0.588167798,-14.45081459,0.816666667,18,24,18,0,7,0.013982679,31.90931447,0.41988198,17.09267509,0.141149981,0.459652046,0.018255046,0.474746995,0.453649797,0.4610584,0.022025477,0.030820687,0.027028312,0.00389942,-0.00217692,0.001110584,0.00591008,0.002347993,0.003602642,0.013688595,0.034866191
EKDAVDEKVADKKSSKDKVVDDRGAKRDSVSVDRDVPDEKVVRDKGSDREVSEKKAVKRD,28,0.6,0,2.99,0.054787854,-0.62680812,0.816666667,18,24,18,0,7,0.013982679,56.27493668,0.442340498,23.20143957,0.128540527,0.345667924,0.020246615,0.340982113,0.366246288,0.360998696,0.026581395,0.039650811,0.00931678,-0.008909269,-0.000796953,0.019774815,0.005219666,0.001607362,0.003982356,0.020016583,0.028166877
SSGSSGSSEKDAVDEKVADKKKDKVVDDRAKRDVVDRDVPDEKVVRDKDREVEKKAVKRD,29,0.6,0,2.99,0.046429886,-0.612614253,0.816666667,18,24,18,0,7,0.165775676,56.43757248,0.204295094,23.37527947,0.0507974,0.377735177,0.038636324,0.373001918,0.37257461,0.437959211,0.053159024,0.051197322,0.043310469,-0.012352592,-0.011075337,0.033802097,0.007702154,0.024356946,0.021231627,0.064957293,0.068568787
SESKGDSASVGDSESKVADKKKDKVVDDRAKRDVVDRDVPDEKVVRDKDREVEKKAVKRD,30,0.6,0,2.99,0.050315004,-0.648603686,0.816666667,18,24,18,0,7,0.115310491,56.13313675,0.344000868,23.24048288,0.106967706,0.347234511,0.027661731,0.369798925,0.367031384,0.403251517,0.069495837,0.036855046,0.057948398,0.003270387,-0.000504529,0.047933507,0.026880643,0.001785712,0.031898884,0.033452591,0.090485845
KRRKRKRVRKRRVKRKKAKRRRAKRRKVKKKRSAAVGEAVAADSAVADAVVVDSADDDDD,31,0.6,0.3,2.993333333,0.640223142,-3.828255889,0.85,27,24,9,0,12.25,0.184443089,34.08137385,0.396982903,18.61742136,0.064566185,0.415156946,0.021572473,0.404308869,0.419235697,0.424310362,0.016540237,0.015527581,0.027156766,-0.000606688,-0.002402111,0.00025763,0.002078379,0.00273016,0.007070322,0.020001493,0.031797317
KRKVVDRDAARRRVSDRKAAKDRVGKRKAVAARKKSARKDVADEKAVRDRVVKRKSADRK,32,0.6,0.3,2.993333333,0.148510933,10.88873297,0.85,27,24,9,0,12.25,0.004303853,61.41210938,0.241377801,24.49256255,0.089254647,0.437441166,0.018875431,0.455763078,0.443415076,0.41770854,0.028506666,0.01956223,0.034147078,0.008358023,-0.001769764,-0.007472845,0.004419059,0.002186487,0.009970648,0.038054537,0.044482052
